{"intercept": 6176.669572754629, "coefs": [2.15104463446792e-08, -1.2745273372919189e-08, -1.1979810338903422e-10, -5.546457634385495e-09, 1.0905413047998349e-06, -1.7096261777793687e-10, -0.00011280930268909134, -7.664854170097941e-07, -4.467423990388727e-09, 2.214693404595156e-07, -4.0820638032203695e-06, -7.247056946439712e-08, -5.161964482377584e-07, -2.138699930094003e-05, -3.3144218829213415e-07, 6.79746513062924e-09, 1.463347892562916e-07, -1.4645847169264774e-05, -2.4670117679620296e-07, 2.733218233393063e-06, 8.978463523448003e-09, 2.7438558438020327e-05, 2.8359602714421516e-10, 6.851814261973227e-08, -2.7596717214061207e-05, 4.0342639083880145e-11, 1.6788542953857173e-10, 2.9423147453320513e-07, -1.4123011053718747e-05, -7.383537446525934e-14, -7.287611982605774e-12, -1.618922637249581e-10, 1.7192212909230612e-07, -7.6206139830136575e-06], "powers": [[1, 0, 0], [0, 1, 0], [0, 0, 1], [2, 0, 0], [1, 1, 0], [1, 0, 1], [0, 2, 0], [0, 1, 1], [0, 0, 2], [3, 0, 0], [2, 1, 0], [2, 0, 1], [1, 2, 0], [1, 1, 1], [1, 0, 2], [0, 3, 0], [0, 2, 1], [0, 1, 2], [0, 0, 3], [4, 0, 0], [3, 1, 0], [3, 0, 1], [2, 2, 0], [2, 1, 1], [2, 0, 2], [1, 3, 0], [1, 2, 1], [1, 1, 2], [1, 0, 3], [0, 4, 0], [0, 3, 1], [0, 2, 2], [0, 1, 3], [0, 0, 4]], "feature_names": ["temperature", "gasResistance", "humidity", "temperature^2", "temperature gasResistance", "temperature humidity", "gasResistance^2", "gasResistance humidity", "humidity^2", "temperature^3", "temperature^2 gasResistance", "temperature^2 humidity", "temperature gasResistance^2", "temperature gasResistance humidity", "temperature humidity^2", "gasResistance^3", "gasResistance^2 humidity", "gasResistance humidity^2", "humidity^3", "temperature^4", "temperature^3 gasResistance", "temperature^3 humidity", "temperature^2 gasResistance^2", "temperature^2 gasResistance humidity", "temperature^2 humidity^2", "temperature gasResistance^3", "temperature gasResistance^2 humidity", "temperature gasResistance humidity^2", "temperature humidity^3", "gasResistance^4", "gasResistance^3 humidity", "gasResistance^2 humidity^2", "gasResistance humidity^3", "humidity^4"]}